FOOD,REFUSE (%),WATER (g),ENERGY (Kcal),PROTEIN (g),FAT (g),ASH (g),FIBER (g),CARBOHYDRATE  (g),SODIUM (mg),POTASSIUM (mg),CALCIUM (mg),PHOSPHORUS (mg),MAGNESIUM (mg),IRON (mg),ZINC (mg),COPPER (mg),VITAMIN A (ugre),VITAMIN C (mg),THIAMIN (mg),REBOFLAVIN (mg),
"barlcy , grains",0,8.8,335,10.7,1.5,2.9,6.9,69.6,55,299,104,184,26,4.63,2.25,0.41,T,0,0.3,0.11,
"corn , grains (white)",0,10.7,364,10.2,4,1.3,1.9,71.9,8,125,27,254,25,2.42,1.7,0.21,T,0,0.37,0.12,
"corn , grains (yellow)",0,10.1,368,12.7,5.5,1.8,2.9,67,10,161,26,239,30,2.6,1.5,0.19,120,0,0.39,0.11,
"corn , flakes",0,5,373,6.2,2.1,2.4,2.9,82.3,464,139,15,44,11,1.4,1,0.23,0,0,0.5,0.09,
"corn , flour",0,11.1,359,8.9,2.5,1.3,1,75.2,6,95,22,183,20,2.3,1.05,0.19,0,0,0,0,
"corn ,kernels , canned",0,74.5,100,2.8,0.9,0.9,0.5,20.1,301,82,5,65,,0.65,0.5,0.05,25,7,0.03,0.04,
"corn ,kernels  on cob , grilled",39,56.9,161,4,1,1,3,34.1,4,69,7,,,1.02,1.2,0.14,T,8,,,
"corn , popped ",0,1.8,541,9.1,16.7,3.9,2.5,66,706,158,20,293,,1.8,1.5,,T,0,,,
"corn , puffed",0,2.7,503,7.8,25.7,2.2,1.5,60.1,687,190,32,231,,2,1.3,,30,0,,,
"corn , starch",0,5,380,0.2,0.1,0.2,0,94.5,5,7,0,30,0,0,0,0,0,0,0,0,
macaroni,0,9.9,361,12,1.1,0.8,0.4,75.8,10,176,35,128,22,1.4,1.65,0.16,0,0,0.17,0.05,
"macaroni/tomato , cooked",0,59.3,169,5,3,1.5,3.7,30.5,288,95,15,66,,0.7,0.56,,,,,,
"macaroni/tomato/meat , cooked",0,61,175,6.8,5.6,1.6,0.6,24.4,342,184,30,130,,1.1,1.05,,,,,,
"noodles , fried",0,52,218,5.1,6,0.6,0.3,36,250,88,18,42,,0.6,0.7,,,,,,
"rice , grains (long)",0,11.2,357,8.7,0.8,0.3,0.3,78.7,13,108,22,108,15,0.77,1.3,0.23,0,0,0.09,0.04,
"rice , grains (short)",0,12.5,351,7.3,0.7,0.4,0.3,78.8,11,93,30,98,23,0.69,1.05,0.31,0,0,0.1,0.03,
"rice , flour",0,11.6,354,7.3,0.5,0.3,0.3,80,13,80,18,106,10,0.8,0.76,0.2,0,0,,,
"rice , fried ",0,49.8,214,3.6,3.9,1.3,0.3,41.1,278,67,7,43,,0.25,0.43,,,,,,
"rice , fried with noodles",0,49.4,219,3.5,4.5,1.2,0.3,41.1,299,75,18,52,,0.7,0.45,,,,,,
"rice , fried with onions",0,53.7,203,3.1,4.6,0.8,0.6,37.2,283,42,15,62,,1,0.8,,,,,,
"rice , fortified-baby food",0,4,420,16.2,10,2.9,0.5,66.4,170,780,555,460,13,7,2.2,,375,40,0.6,0.4,
rice (koshari),0,61,172,6.5,5.2,1.5,1.1,24.7,324,228,10,32,,1.4,1.3,0.2,,,,,
"rice (koshari) , market",0,63,157,4.5,3.7,1.6,0.9,26.3,401,185,8,27,,0.82,1.11,0.12,,,,,
"rice , pudding with milk",0,70,129,3.3,2.6,0.5,0.5,23.1,25,125,58,,,0.05,,,,,,,
"rice , puffed/crisp",0,5,379,9,0.7,0.8,0.3,84.2,115,141,14,105,13,1.01,0.98,0.23,,,,,
semolina,0,11,360,12,1.8,0.8,0.4,74,5,208,26,114,10,2.02,1.9,0.15,0,0,0.2,0.1,
"sorghum , grains",0,8.9,366,10.9,3.6,1.8,2.2,72.6,10,131,40,250,23,4.4,3.06,0.41,T,0,0.21,0.1,
"wheat , bran",0,10.2,313,14.4,3.9,6.5,10,55,60,1251,91,997,,10.5,8,0.95,0,0,0.75,0.3,
"wheat , grains",0,12.1,344,12,1.6,1.6,2.4,70.3,10,315,35,412,88,3.1,2.9,0.33,0,0,0.61,0.12,
"wheat , grains (bolila , canned)",0,75.9,95,2.4,0.6,0.5,0.6,20,22,79,15,,12,0.87,0.48,0.05,0,0,,,
"wheat , flour (brown)",0,12.1,350,11.8,1.3,1,1.1,72.7,8,265,28,118,27,2.6,1.82,0.3,0,0,0.5,0.11,
"wheat , flour (white)",0,11.8,354,10,1,0.5,0.4,76.3,6,120,18,92,22,0.85,1.59,0.13,0,0,0.11,0.05,
"wheat , fortified-baby food ",0,3.5,413,17,10,3.5,2.2,63.8,135,850,550,460,,8.25,2.5,,375,40,0.5,0.5,
"wheat , koskos plain",0,47,213,5.8,0.7,0.4,0.3,45.8,4,62,17,,,0.41,0.6,0.05,,,,,
"wheat , koskos sweet",0,40.6,283,5.8,9.8,0.4,0.5,42.9,7,65,15,92,,0.4,0.58,0.06,,,,,
"wheat , parboiled (burghul)",0,11.8,352,12.5,1.8,1.5,1,71.4,37,350,43,405,66,3.2,4.2,0.31,,0,0.35,0.14,
"wheat , rubbed (fereek)",0,10.8,351,11.6,1.7,1.4,2.1,72.4,22,300,41,320,56,3,3.5,0.3,,0,0.57,0.12,
"wheat , rubbed , cooked ",0,53.5,199,5.3,4,0.8,1,35.4,309,115,15,120,,1.4,16,,,,,,
"wheat , rubbed/meat , cooked",0,53,213,7.8,6.4,1.2,0.6,31,354,154,35,188,,2.07,1.87,,,,,,
"biscuit , chocolate coat",0,2.7,517,10.5,27.5,1.5,1,56.8,200,235,110,,,1.95,0.78,,T,0,0.04,0.13,
"biscuit , cream fill",0,2.6,509,7.3,25,0.9,0.6,63.6,130,135,62,168,,1.6,0.5,,T,0,0.14,0.15,
"biscuit , date fill",0,4.5,453,6.4,15.8,1.1,1,71.2,167,246,85,,8,2.85,0.53,0.15,T,0,0.2,0.18,
"biscuit , digestive",0,3,468,7.5,20,1.9,3,64.6,500,200,78,,32,3.2,0.7,0.2,0,0,0.15,0.09,
"biscuit , nice",0,3.1,454,9.8,15,1.2,0.5,70,162,137,120,155,,1.86,0.77,,0,0,0.1,0.03,
"biscuit , plain",0,3.5,438,9.6,11.8,1,0.8,73.3,129,140,109,173,,2,0.7,,0,0,0.08,0.05,
"biscuit , plain (fe-fortified)",0,3.3,440,9.4,12,1,0.8,73.5,127,135,114,182,,4.6,0.8,0.22,,0,0.07,0.03,
"biscuit , salted",0,3.9,438,10.1,13.7,3.4,0.3,68.6,869,123,25,123,,1.41,1,,T,0,,,
"biscuit , salted (preizel)",0,2,398,9.8,3,2,0.3,82.9,765,138,27,123,,1.5,1.1,,0,0,,,
"biscuit , wafers chocolate coat",0,1.9,535,6.4,29.8,0.9,0.6,60.4,180,160,103,,,2.1,0.6,,T,0,0.1,0.12,
"biscuit , wafers cream fill",0,2,515,6.3,25.4,0.5,0.6,65.2,93,150,45,83,,1.5,0.51,0.16,T,0,0.09,0.08,
"bread , baladi",0,35.3,254,8.8,1,1.1,1.3,52.5,338,236,42,134,14,2.89,1.75,0.14,0,0,0.29,0.1,
"bread , baladi (wheat/corn)",0,35.1,256,9,1.3,1.2,1.4,52,369,208,47,197,13,3,2,0.19,0,,0.31,0.12,
"bread , brans dry (sin)",0,2,369,12.3,2.1,2.1,3.3,75.2,449,430,42,,,4.5,2.9,0.4,,,,,
"bread , buns with sesame",0,32.8,273,12.5,3,1.6,1.1,49,330,,60,,,2.1,0.85,0.52,,,,,
"bread ,corn / wheat (1:1)",0,12,355,9.9,2.5,1.3,1.1,73.2,452,,53,,,2.4,,,0,0,0.29,0.12,
"bread ,corn / wheat (1:2)",0,10,360,10.1,2.8,1.5,1.9,73.7,483,234,65,147,19,3.2,1.8,0.18,0,0,0.28,0.12,
"bread ,corn / wheat (2:1)",0,12.5,351,9.8,2.9,1.5,2,71.3,474,,55,,,2.5,,,T,0,0.28,0.11,
"bread , crumb",0,9.7,356,10.3,2,1.8,2,74.2,501,200,76,115,15,2,1.53,0.38,0,0,0.2,0.12,
"bread , french",0,28.8,285,8.7,1,0.9,0.3,60.3,296,125,14,94,18,0.7,1.1,0.12,0,0,0.1,0.05,
"bread , lebanese",0,22,311,9.2,0.7,0.9,0.3,66.9,307,104,15,85,17,0.72,1.2,0.1,0,0,0.11,0.05,
"bread , lebanese (brown)",0,25.8,293,9.4,2.1,1.1,2.5,59.1,336,186,27,,,3.94,2,0.44,0,0,,,
"bread , shami",0,27.2,292,8.6,0.9,0.8,0.2,62.3,350,120,16,82,16,0.7,1,0.1,0,0,0.1,0.05,
"bread , shamsy",0,35,259,9.2,1.1,1,0.6,53.1,375,175,44,120,14,2.1,1.9,0.1,0,0,0.27,0.11,
"bread , slised (brown toast)",0,34.5,257,8.9,1.9,1.2,2.4,51.1,405,201,49,185,18,2.86,1.1,0.59,0,0,0.2,0.05,
"bread , slised (white toast)",0,33,270,8.4,1.5,1,0.5,55.6,400,152,30,,,1,0.9,,0,0,0.18,0.05,
"bread , sticks with sesame",0,6.1,379,11.7,2.9,1.5,1.3,76.5,410,203,79,,,2.15,1.99,0.42,T,0,,,
"bread , sticks (fayesh)",0,8.1,398,12,7.5,0.9,0.9,70.6,188,150,85,,,3.8,1.5,,,0,,,
"cakes , cup",0,26.8,379,7,18.4,1.2,0.3,46.3,350,83,58,100,,0.5,,,53,0,0.02,0.05,
"cakes , sponge",0,32,290,7.5,4.2,0.5,0.2,55.6,159,90,25,120,,1.19,1.04,,93,0,0.1,0.12,
flaky pastry,0,22,476,5.5,34,1.1,0.3,37.1,372,201,90,200,14,1.05,0.8,0.2,,0,,,
"pie, date (school)",0,21,361,9.5,10.9,1.2,1.3,56.1,285,297,59,,,2.11,0.18,,32,8,,,
"pie ,fiteer , meshaltet",0,35.5,402,6.7,30,1.1,0.5,26.2,300,,25,,,0.4,0.45,,,,,,
"pie , fiteer , market",0,28.6,341,7.6,12,0.7,0.4,50.7,256,,15,,,0.6,,,,,,,
"pie , rucak with meat",0,51.4,279,8.5,18.6,1.1,1,19.4,422,102,72,75,,1.2,0.64,,,,,,
"pizza , cheese topping",0,48.5,243,12,9.9,2.1,1,26.5,583,124,231,,,1.2,1.6,0.1,,,,,
"pizza , meat / sausage topping",0,41.5,267,13.4,9.3,2.4,1,32.4,598,157,160,,,1.5,1.1,0.12,,,,,
"pizza , seafood topping",0,44,252,10,8,2.1,3.8,35.1,498,130,201,,,1.15,0.99,0.19,,,,,
"pizza , vegetarian",0,47.8,230,5.9,7.1,2.6,1,35.6,476,192,154,,,1.15,0.95,0.8,,,,,
"sandwiches ,cheese white",0,57,180,7.5,4,2,1,28.5,496,190,196,,17,1.1,1.1,0.04,,,,,
"sandwiches ,cheese yellow",0,40,262,10.5,7,2,1.2,39.3,684,183,202,,20,0.09,1.3,0.01,,,,,
"sandwiches , fried brain",0,55,232,10.1,11.5,1.2,0.3,21.9,403,286,63,,21,2.16,0.87,0.21,,,,,
"sandwiches , fried chicken",0,45,259,9.6,10,1.7,1,32.7,590,280,20,,29,1.93,1,0.2,,,,,
"sandwiches , fried eggplant",0,56,123,4,5.5,1.8,0.8,31.9,615,386,27,,12,1.35,0.96,0.06,,,,,
"sandwiches , fried liver",0,46.7,238,14.4,6.8,1.8,0.6,29.7,599,270,53,,50,5.6,2.3,1.87,,,,,
"sandwiches , fried shrimp",0,47.5,252,10.2,10.5,2,0.7,29.1,525,285,54,,27,2.82,1.1,0.19,,,,,
"sandwiches , fried taamin",0,53,205,6.1,5.8,1.6,1.3,32.2,587,273,33,,30,2.6,1.36,0.14,,,,,
"sandwiches , grilled checken",0,51.5,223,11.4,8,1.8,0.9,26.4,522,316,28,,34,1.83,1.4,0.15,,,,,
"sandwiches , grilled kofta",0,50.9,224,12,7.5,1.8,0.6,27.2,491,226,23,,30,2.36,1.03,0.18,,,,,
"sandwiches , hamburger",0,52.8,216,8.8,7.5,1.7,0.8,28.4,689,307,38,,24,2,1.63,0.11,,,,,
"sandwiches , hotdog",0,50.2,221,8.8,6.5,2.1,0.5,31.9,615,250,20,,31,1.58,1,0.21,,,,,
"sandwiches ,shawerma meat",0,51.1,220,10.7,7,1.9,0.7,28.6,698,273,46,,32,2.9,1.91,0.33,,,,,
"sandwiches , stewed foul",0,56.2,173,5,2.2,1.8,1.5,33.3,669,300,43,,29,2.05,1.24,0.12,,,,,
chufa tuber (hab-alaziz),0,5.3,413,5.7,16.2,2.4,9.3,61.1,51,,27,,,5.8,2.19,,0,0,,,
"chufa tuber , wet",0,35.6,278,4,9.3,1.5,5,44.6,,,,,,3.5,1.32,,0,0,,,
colocasia,23,79.1,77,2.1,0.2,1.2,0.8,16.6,14,495,62,60,13,1,0.5,0.08,11,6,0.15,0.05,
"colocasia , cooked",0,81,91,2.5,4.4,1.5,0.3,10.3,375,340,58,64,,1,0.32,,,,,,
potatoes,11,80.5,73,1.6,0.1,0.8,0.6,16.4,8,420,7,46,16,0.6,0.32,0.15,2,18,0.09,0.04,
"potatoes , chips",0,1.5,557,5.5,37.5,4.5,1.6,49.4,654,1100,37,149,53,1.7,0.9,0.25,T,0,0.21,0.05,
"potatoes , fried",0,45.2,281,4.1,14.5,1.8,1,33.4,290,627,13,,,1.2,0.3,,,,,,
"potatoes , cooked with tomato",0,76.6,104,1.2,3.5,1.4,0.4,16.9,369,394,10,72,,0.7,0.5,,,,,,
"potatoes , mashed with milk",0,81,80,2.2,1.9,0.9,0.4,13.6,317,321,48,54,,0.65,0.56,,,,,,
"potatoes , mashed /meat/egg",0,76.7,121,6,7,1.4,0.5,8.4,377,422,26,78,,0.5,,,,,,,
"potatoes , meat stuff",0,76.2,115,3.1,5,0.6,0.6,14.5,339,407,18,54,,1.8,0.77,,,,,,
sweetpotatos,19,70.5,112,1.8,0.3,1,0.9,25.5,13,398,39,40,25,0.8,0.3,0.14,570,24,0.11,0.06,
"beans , broad",0,10.3,326,24.1,1.5,3.2,6.9,54,35,724,85,386,148,5.8,3.14,0.29,9,5,0.48,0.28,
"beans , broad (bisara)",0,68,130,6,4,1.6,3.3,17.4,290,187,25,,,1.2,0.2,,,8,,,
"beans , broad , decorticated",0,10.4,346,25.9,2,2.7,2.8,56.2,39,640,92,359,126,4.8,2.9,0.18,13,2,0.41,0.13,
"beans , broad (foul) , canned ",0,70,132,6.1,5,1.1,2.1,15.7,333,275,44,175,49,2.7,0.9,,T,0,0.12,0.08,
"beans , broad (foulmedames)",0,73.3,98,5.6,0.7,0.8,2,17.2,24,218,37,183,,2.4,1,,T,0,,,
"beans , broad (menabet)",0,61,145,10.4,0.7,0.8,2.9,24.2,14,290,34,154,59,2.3,1.05,0.12,5,3,0.2,0.22,
"beans , broad (nabet)cooked",2,70,114,8.8,0.6,1.2,1,18.4,330,218,37,166,,2.4,1,,T,0,,,
"beans , broad (taamia), fride",0,32.7,355,10.9,20.1,2.2,1.5,32.6,524,258,24,118,41,2.7,1.16,0.4,,6,,,
"beans , kidey (red)",0,11.6,323,23.1,1.3,3.4,5.8,54.8,20,1309,120,374,136,6.5,2.01,,T,3,0.62,0.21,
"beans , kidey (white)",0,10.8,333,22.1,1.4,3.5,4.2,58,36,1270,148,415,142,7.2,3.4,0.78,0,2,0.58,0.26,
"beans , kidey white , cooked",0,66,134,8.9,2.4,1.5,1.9,19.3,324,504,57,139,,2.5,1.13,,,,,,
"beans , kidey white / meat",0,65.6,152,11.4,5.6,1.4,2,14,371,566,59,167,,2.96,1.41,,,,,,
"beans , mung",0,7.2,352,21.4,2,3.3,4,62.1,32,1354,168,293,98,5,2.9,,12,4,0.27,0.19,
chickpeas,0,8.6,352,20.3,4.2,3.3,5.3,58.3,50,962,127,352,122,6.7,4.7,1.25,10,4,0.41,0.29,
"chickpeas , (homos sham)",0,64.2,138,7,1.6,1.2,2.1,23.9,405,380,48,151,43,2.5,1.82,0.47,T,0,0.12,0.29,
"chickpeas , yellow",0,10.5,354,19.6,4.4,3.1,3.4,59,34,855,155,430,130,5.8,3.4,1.3,19,2,0.48,0.21,
cowpeas,0,11.3,330,23,1.2,3.1,4.7,56.7,30,1217,104,347,136,6.8,3.22,0.46,3,2,0.75,0.21,
"cowpeas , cooked",0,68,131,8.5,3.5,1.6,2,16.4,343,579,37,96,34,2.2,1.07,,,,,,
"cowpeas , cooked with meat",0,66,146,11,5.5,2,2.5,13,317,456,36,142,,3.5,1.54,,,,,,
fenugreek,0,9.4,356,25.6,6.7,3.5,6.5,48.3,93,966,194,365,115,14,4.6,0.4,132,4,0.27,0.52,
"lentils , un-peeld",0,10,340,22.4,1.1,2.7,3.8,60,30,725,48,327,86,7.3,4.2,0.25,12,0,0.4,0.22,
"lentils , un-peeld , cooked",0,65,151,5.8,5.6,2,2.3,19.3,440,372,43,164,,3.1,1.5,,,,,,
"lentils , peeled (yellow)",0,11.5,340,22.9,0.7,2.3,2.1,60.5,41,765,50,330,82,6.8,3.2,0.35,15,0,0.41,0.18,
"lentils , peeled / rice cooked",0,68.9,140,6.2,5.2,1.4,1.2,17.1,312,384,12,57,,1.1,0.8,,,,,,
"lentils , peeled soup",0,82.5,68,1.5,1.5,1.7,0.7,3.8,318,245,26,76,,1.8,0.6,,,,,,
lupines ,0,8,355,9,9,3.5,11,20.5,94,605,279,490,189,5.82,2.87,0.87,T,0,0.41,0.48,
lupines (termis),3,70.7,111,2.7,2.7,2,3,12,580,200,89,128,53,1.58,0.8,0.24,T,5,0.15,0.1,
peas,0,10,345,2.1,2.1,2.5,3.9,59.4,32,928,82,352,125,5.8,3.15,0.75,34,4,0.84,0.25,
soybeans,0,9.3,426,19.9,19.9,4.7,4.3,20.1,21,1618,305,563,258,7.5,2,,0,0,0.8,0.32,
"soybeans , flour",0,7.5,362,3.9,3.9,4.2,2.8,37.1,28,1870,268,424,303,8.33,1.2,,0,0,0.83,0.29,
almonds,0,4.6,640,55.8,55.8,2.7,2.5,16.8,7,793,215,485,230,4.5,3.2,0.13,21,0,0.26,0.72,
"coconuls , dry",0,3,689,65,65,2,4,20,23,560,20,176,44,2.9,1.5,0.4,0,0,0.07,0.04,
hazelnuts,0,5,633,55.7,55.7,2.6,3.7,14.4,5,600,180,300,130,3.5,2,1.1,24,0,0.45,0.25,
peanuts,30,4.6,585,44.9,44.9,2.4,2.9,18.8,4,670,55,380,180,2.5,2.6,0.29,48,0,0.85,0.14,
pinenuts,0,4.6,614,30.2,50.2,3.7,1,10.3,53,888,15,500,240,4.9,2.4,1.4,5,0,1,0.22,
pistachio nuts,44,5.5,631,20.9,54.1,2.6,1.8,15.1,15,850,122,503,150,6.9,1.9,1.2,54,0,0.73,0.19,
pumpkin seeds/salted,23,4.3,591,23.9,48,3.5,4.5,15.8,695,790,55,1027,,9.5,5.5,,21,0,0.3,0.39,
sesame seeds,0,4.6,600,19,51.8,4.6,5.5,14.5,65,506,887,515,174,10.2,8.6,1.23,9,0,1.1,0.32,
sesame butter (tehina),0,3,660,20,60,3,4,10,84,205,340,665,44,6.1,5.5,0.8,11,0,0.94,0.26,
walnuts,0,3.4,695,14.7,64.9,1.8,2.2,13,5,600,75,390,120,2,2.8,0.3,7,5,0.35,0.12,
watermelon seeds / salted,45,5.5,592,34.7,48,3.5,3,5.3,505,,45,896,,8,0.3,,,0,0.22,0.16,
artichokes,52,85.8,45,3.5,0.2,1.1,2,7.4,32,350,55,96,30,0.9,0.5,0.03,15,11,0.07,0.06,
"artichokes , salad",0,79.7,89,2.7,4.7,2.5,1.4,9,314,380,35,90,,0.86,0.41,,,,,,
"beans , broad (green)",68,77.3,79,5.7,0.4,1,2.4,13.2,6,250,31,119,30,1.1,0.8,0.3,34,27,0.22,0.15,
"beans , green",12,91,30,1.8,0.2,0.7,1.1,5.2,8,274,35,45,12,1.75,0.51,0.24,57,18,0.09,0.12,
"beans , green , cooked",0,86.2,61,1.9,3.2,1.4,1.1,6.2,390,346,34,33,,1.4,0.39,,,,,,
beetroots,15,86.8,45,1.5,0.1,1,1.1,6.5,70,320,22,35,25,0.9,0.63,0.07,5,8,0.02,0.05,
broccoli,20,88.2,38,3.5,0.3,1.1,1.5,5.4,35,368,57,80,20,1.23,0.84,0.09,150,95,0.1,0.24,
brussels sprouts,10,85.6,50,4.6,0.4,1.2,1.3,6.9,12,440,43,85,20,0.95,0.79,0.2,75,65,0.11,0.19,
"cabbage , red ",10,90.2,31,1.6,0.3,1,1.5,5.4,31,298,55,,3,0.74,0.36,0.05,8,54,,,
"cabbage , white",25,91.6,27,1.3,0.2,0.7,1.2,5,35,250,40,32,15,0.58,0.3,0.04,5,35,0.07,0.06,
"cabbage , rice stuff",0,71,127,3.5,4,1.1,1.2,19.2,325,250,42,,,0.5,0.5,,,,,,
"cabbage , rice / meat stuff",0,70,140,5,6.2,1.5,1.2,16.1,318,219,48,62,,0.8,0.65,,,,,,
carrots,5,89,36,1.2,0.2,0.8,1,7.4,62,300,40,42,18,0.58,0.42,0.06,1871,8,0.06,0.04,
cauliflower ,28,91.5,28,2.3,0.3,0.8,1,4.1,15,304,30,56,20,0.5,0.3,0.19,4,58,0.05,0.06,
"cauliflower , cooked ",0,89,49,2,2.1,0.7,0.8,5.4,420,269,27,,,0.5,0.4,,,,,,
"cauliflower / meat , cooked ",0,87,62,3.7,3.1,0.6,0.7,4.9,405,313,32,,,0.77,0.5,,,,,,
celery,33,85.2,52,0.9,0.2,1.3,0.7,11.7,74,315,40,48,25,0.95,0.21,0.02,15,7,0.04,0.05,
chard swiss,17,91.2,27,2.3,0.4,1.7,0.9,3.5,164,505,85,32,57,3.05,2,0.18,666,18,0.05,0.14,
chickpeas green,77,64,139,4.7,1.3,1.3,1.7,27,,,75,,,3.5,,,,40,0.08,,
chicory,18,91.7,27,1.8,0.4,1.2,0.9,4,,,140,,,2.8,,,,35,,,
coriander,12,88.5,34,3.7,0.6,2,1.7,3.5,54,366,182,64,9,3.3,3.3,0.07,470,75,0.13,0.31,
cowpeas ,8,85.4,50,3.5,0.3,0.8,1.6,8.4,5,295,52,86,28,1.4,0.7,0.25,45,25,1.05,0.21,
cucumber,10,95,16,0.7,0.1,0.5,0.6,3.1,5,130,18,31,8,0.6,0.18,0.07,4,9,0.4,0.05,
"cucumber, pickled",0,90,22,1.1,0,4,0.4,4.5,991,185,21,,,0.8,0.21,,T,0,,,
dill,10,88.9,36,2.9,0.5,1.5,1.2,5,60,305,150,41,20,2.1,3.6,0.07,300,34,0.12,0.38,
"eggplant,black or white",16,91.3,28,1.7,0.2,0.7,1.2,4.9,7,272,15,25,13,0.5,0.33,0.07,8,6,0.04,0.03,
"eggplant ,round",15,91,27,1.8,0.1,0.9,1.4,4.8,8,270,17,24,12,0.38,0.36,0.07,6,8,0.03,0.05,
"eggplant ,cooked",0,87,73,1.6,5.3,0.6,0.8,4.7,396,229,13,20,,0.34,0.25,,,,,,
"Eggplant, cooked with meat",0,85,84,3.6,6,0.7,0.7,4,364,264,21,33,,0.72,0.5,,,,,,
"Eggplant, fired",0,75.1,175,1.5,17,1.5,1,3.9,409,257,15,22,,0.33,0.29,,,,,,
"Eggplan, rice stuff",0,71,126,3,4,1.5,1,19.5,390,238,19,,,0.77,0.52,,,,,,
Fennel,5,88.6,37,2.6,0.5,1.4,1.5,5.4,52,226,52,48,26,1.34,0.15,0.08,,28,,,
"fenugreek, leaves",30,86.6,45,3.5,0.5,1.5,1.4,6.5,68,260,135,47,12,6.4,4.5,0.07,700,60,0.12,25,
Garden rocket,25,89.9,32,2.5,0.5,1.7,1,4.4,33,257,127,40,13,8.3,0.8,0.3,364,125,0.14,0.21,
"Garlic, bulb",5,62.3,142,5.6,0.3,1.5,1.2,29.7,22,515,34,168,30,1.6,0.72,0.22,,5,0.22,0.07,
Grape leaves,5,76.4,80,4,0.6,2,2.3,14.7,55,370,394,45,15,2.2,0.3,0.05,1287,90,0.25,0.1,
"Grape leaves, pickled",0,75.4,71,7.3,0.6,4.6,3,9.1,894,,385,,,2,0.3,,,13,,,
"Grape leaves, rice suft ",0,69.4,131,4,4.2,1.5,1.5,19.4,385,205,96,52,14,2.5,0.3,0.13,,,,,
Jew's mallow ,70,83.9,54,5,1,2.3,1.5,6.3,42,380,270,61,17,4.2,0.4,0.04,1150,80,0.5,0.32,
"Jew's mallow,ĀcookedĀ",0,81,91,3.5,6,2.3,1.5,5.7,300,250,200,74,,1.4,0.13,,,,,,
"leeks,bulb",50,93.9,18,1.8,0.3,1.1,0.9,2,18,270,87,35,15,1.2,0.4,0.03,8,19,0.04,0.11,
"lettuce,ice-burg",10,95.5,15,0.9,0.2,0.6,0.5,2.3,9,213,12,29,3,1.1,0.15,0.09,12,8,0.06,0.06,
"lettuce, leaves ",46,95,16,1.1,0.3,0.8,0.7,2.1,7,125,28,22,10,1,0.15,0.08,181,10,0.05,0.07,
"lettuce,rice stuff",0,72,124,3.1,4,1.1,1,18.8,320,185,20,,,0.7,0.3,,,,,,
"lettuce,rice/meat stuff",0,70,147,5,7,1.1,0.9,16,308,188,27,67,,0.9,0.62,,,,,,
mallow,10,83.3,55,5,0.6,2.3,1.3,7.5,48,296,258,77,16,4.5,3.6,0.12,1272,34,0.12,0.16,
" mallow,cooked",0,80,99,3,5.6,1.4,0.9,9.1,352,154,,98,65,,2.7,1.64,,,,,
mint,53,84.6,52,3.7,1.2,1.2,2.8,6.5,2,160,160,74,16,1.2,0.4,0.14,394,26,0.09,0.22,
mashrooms,0,90.8,31,2.5,0.1,1,0.5,5.1,10,346,6,120,11,0.6,0.72,0.65,0,2,0.1,0.4,
"mashrooms,canned",0,91.6,27,3.2,0.1,1.2,0.5,3.4,491,228,20,56,16,0.45,0.52,0.46,0,0,0.02,0.25,
okra,20,86.5,47,2,0.2,1,1,9.3,11,210,98,74,25,1.9,0.58,0.16,13,20,0.1,0.12,
"okra,cooked",0,85,72,2.8,3.6,0.7,0.7,7.2,375,213,59,50,,1.23,0.38,,,,,,
okracooked with meat ,0,82.9,89,5.1,5,0.6,0.6,5.8,386,246,42,40,,1.58,0.49,,,,,,
"olives,black pickled",20,69.5,158,1.5,12,5.1,1,10.9,905,137,158,,,1.5,,,30,0,,,
"olives,green pickled",20,82.7,88,1,8,4.4,1,2.9,899,150,105,,,1.4,,,23,0,,,
onions green pickled,40,86.6,49,1.1,0.2,0.5,0.9,10.7,10,224,125,50,8,1.05,0.07,0.1,60,18,0.04,0.05,
"onions , mature bulb",8,83.9,60,1.2,0.2,0.7,0.7,13.3,13,139,35,56,12,0.5,0.1,0.15,9,7,0.03,0.04,
"onions , pickled",0,82.5,53,0.5,0.2,3.2,1.4,12.2,840,66,30,,,0.1,,,T,0,,,
parsley,35,84.6,50,3.3,0.4,2.2,1.3,8.2,30,723,210,54,39,6.55,0.185,0.18,1272,156,0.12,0.32,
peas,60,75.3,89,6.2,0.4,0.9,2.1,15.1,3,286,20,122,19,1.7,1.26,0.03,555,25,0.32,0.18,
"peas/carrot,cooked",0,86,68,4.1,3,1,1.2,4.7,415,260,17,61,,1.1,1,,,,,,
"peppers,green",15,92.2,24,1.3,0.3,0.6,1.5,4.1,25,195,15,25,14,0.9,0.3,0.1,30,110,0.06,0.04,
"peppers,orange/red/yellow",10,90,34,1.2,0.3,0.7,1.2,6.6,40,62,5,,3,0.95,0.21,,,82,,,
pumpkin,35,91.8,26,1,0.1,0.8,1.1,5.2,2,310,25,33,15,0.7,0.24,0.02,330,7,0.04,0.06,
Purslane,28,90.5,31,2,0.5,1.5,1,4.5,30,610,95,28,6,3.2,0.1,,606,65,0.14,0.13,
"Radishes, red",45,94,19,1.2,0.1,0.7,0.8,3.2,21,246,27,33,17,0.99,0.33,0.15,,24,0.03,0.04,
"Radishes, white",28,91.6,27,1.4,0.1,0.9,1,5,18,292,56,27,12,0.8,0.17,0.11,,30,0.02,0.04,
"Radishes, white root / leaves",0,91,26,2,0.4,1.8,1.1,3.7,20,320,213,,,1.8,0.3,,,35,,,
Spinach,20,92.4,22,2.5,0.3,1.7,0.7,2.4,58,540,92,47,54,4.2,0.4,0.19,1054,32,0.11,0.19,
"Spinach, cooked ",0,88.6,57,2,3.9,1.1,1,3.4,405,323,55,28,,2.91,0.28,,,,,,
"Spinach, cooked with meat ",0,86,75,4,5.2,1,0.7,3.1,394,375,63,34,,3.2,0.24,,,,,,
Squash,15,92.8,24,1.3,0.2,0.7,0.8,4.2,6,200,25,31,12,0.5,0.19,0.05,12,12,0.04,0.09,
"Squash, cooked ",0,89.6,55,1.9,3.4,0.5,0.3,4.3,389,212,20,29,,0.43,0.18,,,,,,
" Squash, cooked with meat ",0,88.1,67,3.4,4.6,0.5,0.5,2.9,350,204,18,22,,0.8,0.2,,,,,,
"Squash, rice stuff",0,75.5,103,2.1,2.7,1.1,1,17.6,440,245,13,76,,0.7,0.5,,,,,,
"Squash, rice/meat stuff",0,75,112,3,4,1.1,0.9,16,404,222,12,75,,0.8,0.52,,,,,,
Tomatoes,3,94.3,20,1.1,0.3,0.6,0.6,3.1,10,328,15,30,12,0.5,0.2,0.12,95,21,0.05,0.05,
Tomato. ketchup,0,66.7,126,1.6,0.6,2.2,0.3,28.6,743,597,20,40,22,1.2,0.3,0.4,,13,0.07,0.04,
"Tomatoes,roots",0,78,78,3.8,0.4,2.5,0.5,14.8,807,514,25,83,28,3.1,0.51,0.2,285,15,0.19,0.11,
"Turnips, roots",23,91.8,27,1.2,0.2,0.9,0.7,5.2,48,270,36,33,10,0.5,0.15,0.05,0,30,0.04,0.04,
"Vegetables, pickled",0,89,16,1.1,0,6.5,0.4,3,956,258,150,,,0.9,0.09,,T,6,0.03,0.03,
Apples,11,84.5,57,0.4,0.2,0.6,0.8,13.5,5,125,5,12,6,0.3,0.08,0.07,5,7,0.05,0.03,
apricots,10,84.6,58,0.9,0.4,0.7,0.7,12.7,3,304,15,25,11,0.5,0.2,0.1,256,12,0.04,0.06,
"apricots,dried",0,24,282,4.5,0.6,3.1,3.2,64.6,18,1615,86,120,40,5,0.63,0.3,590,2,0.01,0.18,
avocado,30,73,165,2.2,14,1.8,1.5,7.5,3,594,15,,,1.05,0.9,,,12,0.12,0.19,
bananas,33,75.2,95,1.3,0.3,0.9,0.6,21.7,3,350,10,25,30,0.6,21,0.18,28,8,0.04,0.05,
cantaloupe,42,90.8,33,0.8,0.1,0.6,0.4,7.3,18,280,15,18,20,0.5,0.15,0.05,219,23,0.05,0.04,
 Custard-apple,38,76.5,85,2.9,0.5,1.4,1.4,17.3,25,436,20,38,44,0.77,0.9,0.2,,27,0.1,0.06,
Dates,20,70,115,0.9,0.2,0.7,0.9,27.3,2,300,22,26,18,.1.1,0.13,0.12,4,11,0.05,0.06,
"Dates, dried (Agwa)",0,18,315,2.3,0.5,1.7,2.2,75.3,3,690,62,61,44,3.2,0.4,0.3,10,0,0.08,0.1,
Figs,5,80.4,72,1.3,0.4,0.6,1.5,15.8,4,180,62,28,25,1.05,0.22,0.05,27,4,0.07,0.06,
Figs-driea,0,20.3,293,4.1,1.1,2.2,5.7,66.6,13,901,130,80,65,3.53,0.9,0.23,,0,0.12,0.11,
Grapefruis,37,88.7,43,0.6,0.1,0.4,0.4,9.8,5,140,15,18,12,0.2,0.12,0.03,2,35,0.03,0.02,
"Grapea, seedless ",0,80.4,77,0.6,0.6,0.5,0.7,17.2,5,242,17,22,9,0.36,0.09,0.12,3,5,0.07,0.03,
Guavas,5,81.2,62,0.8,0.5,0.6,3.4,13.5,8,255,23,44,25,0.8,0.46,0.12,20,227,0.05,0.05,
Husk tomatoes,3,79.7,75,2.7,0.3,0.8,1,15.3,15,146,27,42,,0.47,0.52,,7,13,0.09,0.08,
jujuba ,25,76,89,1.4,0.2,0.7,1.4,20.3,5,280,34,27,,0.8,,,,65,,,
kiwifruit,12,85,54,1.9,0.6,0.7,1.6,10.2,3,210,30,,,0.3,0.1,,,95,0.01,0.02,
lemons,38,91.3,32,0.8,0.2,0.4,0.6,6.7,4,195,32,14,12,0.5,0.15,0.22,4,75,0.05,0.03,
lemons sweet,36,90.6,37,0.6,0.5,0.3,0.4,7.6,6,140,29,20,11,0.35,0.24,0.23,4,36,0.03,0.02,
lime,42,91.1,33,0.6,0.3,0.4,0.7,6.9,5,160,27,22,15,0.4,0.12,0.21,T,50,0.04,0.01,
loquate,50,87,51,0.3,0.6,0.4,0.7,11,12,238,15,25,,0.43,,,250,5,,,
mandarin,31,86.9,48,0.7,0.2,0.5,0.9,10.8,7,147,39,22,16,0.5,0.4,0.04,13,26,0.09,0.03,
mangos,43,81.8,68,0.8,0.3,0.5,1.1,15.5,10,200,15,17,8,0.5,0.18,0.11,250,30,0.04,0.04,
melons,28,91.5,30,0.8,0.2,0.6,0.6,6.3,8,270,10,14,8,0.4,0.2,0.12,18,22,0.05,0.03,
mulberry,5,79.6,76,1.6,0.5,0.8,1.2,16.3,25,236,55,35,17,1.8,1.3,0.06,3,10,0.05,0.07,
oranges,28,85.5,50,1.1,0.3,0.4,0.6,12.1,3,181,37,28,7,0.3,0.2,0.07,8,55,0.08,0.04,
papaya,25,88,44,0.6,0.2,0.6,0.6,10,5,237,25,18,22,0.57,0.3,,124,59,0.03,0.03,
peaches,11,86.2,51,0.7,0.2,0.5,0.7,11.7,3,280,15,22,11,0.8,0.2,0.04,43,12,0.02,0.04,
pears,22,83.8,58,0.3,0.2,0.7,1.3,13.7,5,144,10,12,10,0.4,0.14,0.12,2,2,0.03,0.05,
persimmon,30,77,85,0.9,0.5,1.3,1,19.3,4,179,12,22,10,0.4,0.14,0.11,157,12,0.05,0.03,
pineapple,46,85.7,55,0.5,0.2,0.4,0.5,12.7,0.3,219,15,12,16,0.55,0.22,0.06,8,15,0.1,0.05,
Plums,15,86.8,50,0.7,0.2,0.4,0.6,11.3,2,260,19,21,11,0.6,0.05,0.08,71,5,0.04,0.03,
Pomegranate,40,80.7,68,0.7,0.4,0.6,2.1,15.5,5,280,15,30,8,0.3,0.14,0.07,2,16,0.08,0.06,
Prickly pears,45,86.5,31,1,0.9,0.3,6.5,4.8,5,150,50,35,18,1.4,0.72,0.24,13,18,0.03,0.04,
"Prunes, dried",0,22.5,299,2.3,0.5,1,2.5,71.2,12,850,41,61,,2.2,0.5,,145,2,0.12,0.25,
Raisins,0,17,320,2.4,0.3,1.8,1.6,76.9,30,740,63,90,34,1.64,0.16,0.18,T,0,0.12,0.09,
Raspberries,5,83.5,60,1.3,0.5,0.7,1.5,12.5,2,155,30,27,25,1.2,0.35,0.11,,22,0.04,0.07,
Strawberries,7,90.3,34,0.8,0.4,0.6,1.2,6.7,2,185,26,24,15,0.9,0.1,0.11,0.6,40,0.04,0.05,
Sycamore,2,82,66,0.9,0.3,1.3,0.5,15,9,183,19,,,1.7,,,,13,0.03,0.09,
Watermelons,48,92.8,26,0.4,0.1,0.4,0.4,5.9,2,90,6,11,7,0.4,0.4,0.06,6,5,0.03,0.04,
"Candy, fruit favor (hard)",0,1.5,392,0,0,0.5,0,98,75,10,,,,,,,0,0,0,0,
"Candy,folia",0,2.3,444,7.8,12,0.9,0.9,76.1,77,,19,,,0.75,0.74,,20,0,,,
"Candy, Homosia",0,3.5,387,6.5,1.7,0.9,0.9,86.5,27,405,77,215,,2.3,1.7,,0.9,0,0.24,0.1,
"Candy,jellybeans",0,12,353,2.6,0.3,0.2,0,84.9,46,,,,,,,,0,0,0,0,
"Candy, Koozassal",0,2.3,387,2.4,0.5,1.5,0,93.3,33,,41,,,9.2,0.87,,0,0,,,
"Candy, Malban",0,5,382,0.8,0.5,0.2,0,93.5,40,,9,,,0.05,0,,0,0,0,0,
Candy Nogha with nuts,0,3.7,397,7.7,3.3,1.1,0,84.2,66,,90,,,1.6,1.5,,T,0,0,0,
"Candy,semsemia",0,1.9,443,6,12,1.1,1.3,77.7,16,,177,,,2.8,2.1,,5,0,,,
"Candy, Toffee",0,5,392,4,4,2,0,85,178,122,105,,,0.3,0.2,,T,0,0,0,
Chewing gum,0,,320,,,,,80,,,,,,,,,,,,,
"Chocolate, milk",0,2.5,513,8,27,2,1,59.5,142,373,170,202,45,1.4,0.2,,T,0,0.06,21,
"Chocolate, coconuts ",0,5.3,469,4,20,1.2,1.3,68.2,155,300,73,130,40,1.2,0.3,,T,0,0.04,0.1,
"candy,assalia",0,2.5,387,1.6,0.7,1.6,0,93.6,30,,26,,,7.2,0.63,,0,0,0.2,0.04,
"Chocolate, nuts",0,2.1,530,9.3,30,1.9,1.1,55.6,103,310,132,234,12,1.6,0.6,,T,0,0.09,0.4,
Corn syrup,0,20.5,317,T,T,0.2,,79.3,20,3,8,16,,,,,,,,,
Halawa Tehinia,0,2.1,520,11.2,27.5,1,1.2,57,22,95,42,386,20,3,2.2,0.4,T,0,0.42,0.12,
Halawa Tehinia with nuts ,0,1.8,519,12.1,28,1.5,2,54.6,48,,76,,,3.2,,,T,0,,,
Honey,0,17.4,329,0.3,,0.3,,82,6,50,11,10,4,0.6,0.08,0.04,T,3,0.02,0.05,
Jams,0,28.8,283,0.7,0.1,0.4,0.3,69.7,14,95,16,10,9,1.2,0.03,0.2,T,9,0.02,0.04,
Jelly powder,0,1.8,390,10,T,0.8,,87.4,325,,,,,,,,,,,,
Molasses,0,26,280,0,0,4,0,70,88,1400,29,,,5.71,0.68,1.8,0,0,0.07,0.13,
Oriental Baklava,0,15,450,4.8,23,0.7,0.5,56,,,,,,,,,,,,,
Oriental Baklava (assorted),0,8.2,531,6.3,34.3,1,0.9,49.3,,,,,,,,,,,,,
Oriental Balah El-sham,0,10,420,5.3,12.7,0.4,0.4,71.2,,,,,,,,,,,,,
Oriental Basbusa,0,17.5,355,4.9,6,0.6,0.7,70.3,,,,,,,,,,,,,
"Oriontal Basbuse,nuts",0,15,375,5.4,8,0.5,0.8,70.3,,,,,,,,,,,,,
Oriental Eish saraya (cream),0,7.7,426,2.5,12.5,0.9,0.5,75.9,,,,,,,,,,,,,
Oriental Gohraiba ,0,4.3,533,5.5,31,0.5,0.7,58,,,,,,,,,,,,,
Oriental kaak eid,0,3.9,518,7,27.6,0.5,0.5,60.5,,,,,,,,,,,,,
 Oriental KataitĀ,0,28,348,5,12.8,0.5,0.6,53.1,,,,,,,,,,,,,
"Oriental Kunafa , cream",0,27.2,361,3,14.5,0.3,0.5,54.5,,,,,,,,,,,,,
"Oriental Kunafa,nuts",0,6.6,487,5.8,23.7,0.6,0.8,62.5,,,,,,,,,,,,,
Oriental lukmet el-kady,0,11.9,396,3.9,9.5,0.5,0.5,73.7,,,,,,,,,,,,,
 Oriental MaamoutĀ,0,3.3,500,6,24,1.1,1,64.3,171,,76,,,,,,,,,,
"Sugar, sucrose",0,0.5,398,0,0,0,0,99.5,,,,,,,,,,,,,
"Sugar, fructose",0,1,396,,,0.1,,98.9,,,,,,,,,,,,,
Sweeteners,0,1.5,399,0,0.9,0,0,97.6,,,,,,,,,,,,,
Topping (chocolate),0,24.2,400,1.9,20.7,1.7,0,51.5,,180,,,,,,,,,,,
"Beef, Basterma",0,47.2,201,28.6,5.8,8.3,1.5,8.5,2200,285,105,318,36,6.9,7.5,0.72,13,0,0.15,0.27,
"Beef, Basterma meat",0,58.6,29.9,4,7.5,0,0,1500,212,45,,270,29,4,7.1,0.15,T,0,,,
"Beef, brain",0,79.3,121,10.4,8.5,1.2,0,0.6,122,255,10,374,15,1.4,1.2,0.24,83,12,0.18,0.24,
"Beef, brain (fried)",0,53,251,13.7,13.9,1.7,0,17.7,665,273,87,,,1.52,1.09,0.3,,,,,
"Beef, burger",0,59.4,256,18,20,1.6,0,1,613,276,75,166,19,2.8,3.5,0.24,T,0,0.05,0.18,
Beer. burger (grilled),0,55.3,263,21.1,19,2.6,0,0,750,150,31,,,3.1,4,,T,0,,,
Beer. frankhurter,0,60,22415.2,16.1,3.1,14.6,1052,230,68,127,74,2.5,3.7,0.07,T,0,0.16,0.2,,,
"Beef, head",73,64,212,20.2,14.5,1.2,0,0.1,,,,,,,,,,,,,
"Beef, head meat (boiled)",0,57.4,239,25.1,15.2,1.9,0,0.4,,,,,,5.5,4.4,0.28,,,,,
"Beef, heart",0,76.5,112,16.5,4.3,1,0,1.7,90,310,12,288,17,4.6,2,0.41,5,5,0.32,0.92,
Beef. kidnevs,0,75.9,121,16.5,5.8,1,0,0.8,184,215,10,234,12,5.8,1.8,0.51,266,10,0.27,1.8,
Beef. kunckle,65,71,137,23,5,1,0,0,62,134,,,,0.4,1.6,,,,,,
"Beef, liver",0,70.5,132,19.5,4,1.6,0,4.4,88,303,10,352,14,7.8,7.7,0.8,12121,25,0.26,3.1,
"Beef, luncheon",0,66.3,155,16.3,7.5,3.1,1.2,5.6,1250,222,25,200,17,2.6,4,0.1,T,0,0.25,0.24,
"Beef, Iung",0,79.5,88,17.1,2.2,1.2,0,0,50,218,10,204,12,5.8,2.4,0.04,46,0,0.07,0.28,
Beet. meat,0,67.4,186,19.6,11.9,1.1,0,0,72,375,15,171,22,3.4,4.8,0.1,5,0,0.07,0.11,
"iicet, meat rodnd",0,65,216,118,16,1,0,0,69,210,14,180,17,2.7,4,0.11,T,0,,,
"Beef, meat (Kofta, fried)",0,60,245,17.5,18.1,1.3,0.2,2.9,418,155,12,196,,2.5,0.95,,,,,,
"Beef, meat (Kofta, gritted)",0,52,271,21.2,18.2,3.1,0,5.5,525,122,35,,,2.43,2.75,,,,,,
"Beef, meat (Kofta/rice)",0,70,149,10.6,7,0.8,0.6,11,418,122,20,122,,1.7,1.9,0.09,,,,,
"Beef, meat (Kubeba, fried)",0,48.2,237,11.5,8.8,2.8,0.7,28,628,290,9,,17,2.5,1.8,0.14,,,,,
Beef meat (brown sause),0,72.1,159,14,11,1.7,0.3,0.9,412,315,20,155,,1.6,2.2,,,,,,
"Beef, meat corned (canned)",0,60,213,24.8,11.8,1.5,0,1.9,880,152,12,150,17,3.3,4.5,0.26,T,0,0.02,0.18,
"Beef, sausage",0,50,312,15,24,2,0,9,810,175,35,172,16,1.4,1.6,0.16,T,0,0.05,0.11,
"Beef, sausage grilled",0,48,291,17,18.5,2.5,0,14,1090,180,45,210,17,1.8,1.7,0.26,,,,,
"Beef, spleen",0,77,97,18,2.1,1.4,0,1.5,108,415,9,218,11,10.6,2.4,0.12,,,0.12,0.34,
"Beef, tongue",0,67,201,16.8,14.6,1,0,0.6,88,304,10,174,12,4.6,3.1,0.05,T,0,0.12,0.28,
"Beef, tongue boiled",11,52,298,23.4,22.1,1.2,0,1.3,124,131,25,201,16,3,2,,,,,,
"Buffalo, meat",0,65.4,210,18.8,15,0.8,0,0,63,370,25,180,30,4.2,3.6,0.24,,0,0.21,0.35,
"Camel, Liver",0,68,143,20.7,4.4,1.7,0,5.2,37,150,35,,13,7,2.2,0.9,,,,,
"Camel, meat",0,76.2,108,19,3.6,1.2,0,0,187,347,15,160,12,7.8,8.2,1.22,8,0,0.38,0.76,
"Chicken, frankfurter ",0,59.5,221,18.1,15,3,1.1,3.3,995,258,18,164,,1.75,1.87,,,,,,
"Chicken, gizzard ",0,75,106,20.5,2.3,1.5,0,0.7,65,240,10,105,,2.9,,,,,0.02,0.2,
"Chicken, Liver",0,73.6,122,17.6,4.6,1.7,0,2.5,45,166,20,240,13,10.5,3.5,0.5,7500,20,0.35,2.8,
"Chicken, Luncheon",0,67.5,144,18,5.5,2.2,1.5,5.5,1003,300,20,,,1.06,0.91,,T,0,,,
"Chicken, boiled",30,65.2,193,21.6,11.7,1.2,0,0.3,91,206,14,190,26,2.3,2.1,,,,,,
"Chicken, fried",0,46.8,316,22.4,22.2,2,0,6.6,540,348,15,,,1.23,1.37,,,,,,
"Chicken, grilled",40,63,213,21.2,13.8,1.1,0,0.9,86,311,16,180,25,2,2.2,,,,,,
"Chicken, meat (dark)",0,75.1,121,19,5,0.9,0,0,67,250,12,186,17,1.6,2.12,,T,0,,,
"Chicken, meat (light)",0,75.6,109,20.5,3,0.9,0,0,58,330,11,214,19,1.1,0.69,,T,0,,,
"Chicken, meat and skin",36,65.6,214,17.4,16,1,0,0,77,340,11,194,20,1.6,2,0.15,22,0,0.13,0.18,
"Duck, meat and skin",32,55.2,315,15.4,28.2,1.2,0,0,90,312,12,194,18,2.4,2.9,0.35,,0,0.08,0.25,
"Goat, meat",0,70.3,165,18.4,10.2,1.1,0,0,53,286,12,150,14,2.3,2.4,0.08,,0,0.18,0.26,
"Goose, meat and skin",30,51.5,346,16,31.3,1.2,0,0,80,440,18,190,25,1.5,1.7,0.26,21,0,0.08,0.25,
"Lamb, kidneys",0,78,109,16,5,1,0,0,168,217,10,245,12,8.4,2.5,0.42,100,8,,,
"Lamb, Liver",0,70.7,126,19.9,2.8,1.4,0,5.2,63,257,4,354,12,9.4,3.99,1.4,12000,10,,,
"Lamb, meat",0,62.2,249,16.5,20.3,1,0,0,65,300,15,163,15,2.5,2.7,0.6,9,0,0.12,0.19,
"Lamb, meat (Kabab)",0,52.8,273,23,19.3,3.1,0,1.8,505,383,22,220,32,3,3.1,,T,0,,,
"Pigeon, meat and skin",25,59.6,251,20,19,1.4,0,0,58,275,27,276,20,2.2,2.4,0.31,,0,0.1,0.18,
"Pork, meat",0,51.1,354,15.9,32.3,0.7,0,0,62,315,10,172,16,1.9,1.8,0.12,,0,0.65,0.18,
"Rabbit, meat",36,72.4,133,20.7,5.6,1.3,0,0,72,345,15,234,30,1.6,1.6,0.22,5,0,0.08,0.16,
"Turkey, frankfurter ",0,61.5,187,19,9.9,3,1.1,5.5,1009,274,73,,20,1.15,1.23,0.07,T,0,,,
"Turkey, Luncheon",0,68,129,20,3.5,3,1.1,4.4,996,315,87,,34,0.96,1.33,,T,0,,,
"Turkey, meat and skin",30,70.4,151,21,7.4,1.2,0,0,70,321,15,220,20,0.99,1.6,0.18,T,0,0.11,0.12,
"Veal, meat",0,75.1,123,18.7,5.4,0.8,0,0,103,372,10,253,27,2,2.6,0.03,3,0,0.1,0.2,
"Eggs, chicken, whole",12,75.2,149,12.6,10.8,1.1,0,0.3,155,130,62,218,15,2.5,1.5,0.14,128,0,0.14,0.36,
"Eggs, chicken, white",0,88,46,11,0.1,0.7,0,0.2,172,133,10,22,10,0.15,0.03,0.04,0,0,0.02,0.21,
"Eggs, Chicken, yolk",0,50.4,343,16.5,30.2,1.7,0,1.2,44,89,150,586,18,5,4,0.02,384,0,0.28,0.55,
"Eggs, duck, whole",10,71.2,177,13.5,13.3,1.3,0,0.7,115,233,58,217,18,3.5,1.4,0.03,178,0,0.14,0.36,
Omelet (Ijaa),0,74.1,148,9.9,10.5,1.5,0.5,3.5,452,143,42,162,,1.5,0.63,,,,,,
Bream,49,76.5,100,19.4,2.4,1.4,0,0.3,55,180,127,101,55,1.21,0.4,0.21,21,0,0.02,0.14,
"Bream, golden",32,79.4,79,17.6,1,2,0,0,64,215,128,186,33,0.94,1,0.18,18,0,0.16,0.15,
"Catfish, bayad",36,77.4,102,18.7,3,0.9,0,0,62,155,116,318,60,1.05,0.6,0.23,13,2,0.1,0.21,
"Catfish, river",57,80.5,81,16.4,1.5,1.1,0,0.5,92,174,75,177,43,1.02,0.8,0.24,17,0,0.05,0.2,
"Catfish, scaled",42,75.8,112,18.1,4,1.3,0,0.8,90,158,103,340,58,1.01,1.1,0.24,10,2,0.11,0.12,
"Catfish, salted",35,60.8,152,21.7,7,10,0,0.5,2210,188,132,350,64,1.15,0.8,0.24,15,0,0.06,0.11,
Crab,83,77,96,18,1.5,0.9,0,2.6,85,209,53,225,,1.5,4.5,,,,0.05,0.1,
"Eel, fish",50,70,166,19,10,1,0,0,70,220,30,210,,0.8,0.5,,,,0.2,0.25,
"Fish finger, fried",0,52,252,12,13.4,1.7,0,20.9,490,275,74,222,,1.01,0.4,0.04,T,,0.09,0.07,
"Herring, smoked",35,62,200,20,12.9,4.2,0,0.9,1056,257,66,254,43,1.53,1.2,0.2,15,0,0.02,0.12,
Lizard fish,49,76.8,95,19.4,1.5,1.4,0,0.9,66,243,181,227,24,0.83,1.2,0.16,0,0,0.14,0.16,
"Lizard fish, fried",20,53,248,23.3,14.4,2.9,0,6.5,475,250,128,292,45,0.9,1.2,0.18,0,0,0.08,0.01,
"Mackerel , canned",0,62.7,215,20,15,2.2,0,0.1,152,349,10,283,29,1.93,0.61,0.05,38,0,0.09,0.29,
Mullet,47,73.4,133,19,6.3,1.3,0,0,88,280,21,208,18,1.3,1.53,0.19,24,1,0.07,0.15,
"Mullet, grilled",42,69.1,151,21.5,6.7,1.5,0,1.2,100,195,37,209,30,1.2,0.9,0.21,31,0,0.05,0.09,
"Mullet, salted",40,62.8,154,20.8,7.8,8.5,0,0.1,1805,200,38,205,25,1.21,1,0.2,14,0,0.05,0.12,
Sardines,44,70.6,156,19.2,8.8,1.4,0,0,91,212,34,210,20,0.92,0.8,0.16,13,0,0.11,0.08,
"Sardines, canned",10,58.8,227,22,15.4,3.7,0,0.1,630,257,320,354,28,3,2.9,0.19,15,0,0.04,0.25,
"Sardine, grilled",40,64.1,180,22.5,9.2,2.5,0,1.7,107,220,86,220,36,1,0.9,0.18,16,0,0.07,0.07,
"Sardine, salted",34,56.6,218,23.3,13.5,5.8,0,0.8,1440,307,45,383,30,1.23,1.2,0.18,15,0,0.06,0.06,
Shrimp,65,77.8,88,19.5,0.9,1.3,0,0.5,125,205,57,152,40,1.41,2.08,0.06,15,0,0.02,0.1,
"Shrimp, boiled",0,70.4,116,25,1.1,2,0,1.5,77,250,65,,,1.42,2.9,0.11,20,0,0.04,0.09,
Sole,42,78.5,88,18,1.6,1.6,0,0.3,85,210,15,158,38,0.9,1,0.05,27,0,0.11,0.18,
"Sole, fried",33,50.5,262,21.5,15.2,3,0,9.8,229,225,16,,,1.1,1.5,0.12,31,0,0.06,0.1,
Tilapia,44,77.8,94,19,2,1.2,0,0,85,280,92,197,32,1.9,0.8,0.05,25,0,0.08,0.15,
"Tilapia, fried",29,58.4,233,20,15,2.2,0,4.4,364,116,72,,,1.2,1,,,,,,
"Tilapia, grilled",25,71.1,121,22.5,2.6,2,0,1.9,95,205,,129,,1.1,0.9,0.18,25,0,0.05,0.09,
Tuna canned,0,54.2,267,24.6,18.5,2.3,0,0.4,450,285,10,189,31,2.75,0.4,0.2,28,0,0.04,0.1,
Butter (unsalted),0,16.7,742,0.7,82,0.3,0,0.3,10,25,15,23,2,0.16,0.15,0.02,727,0,,,
Butter oil (ghee),0,0.3,896,0.2,99.5,0,0,0,0,0,0,0,0,0,0,0,833,0,0,0,
"Cheese, camembert ",0,50.5,301,20,23.9,4.1,0,1.5,1019,112,400,287,18,0.65,3.4,0.09,280,0,0.03,0.69,
"Cheese, cheddar",0,35.8,406,26,32.9,3.8,0,1.5,725,90,724,512,42,0.95,3,0.03,305,0,0.04,0.46,
"Cheese, gouda",0,41,371,24.5,30,3.7,0,0.8,646,160,765,570,,0.3,3.5,,250,0,,,
"Cheese, kareesh",0,77.5,100,13,3.5,1.9,0,4.1,130,95,300,161,23,0.41,2.4,0.04,12,0,0.03,0.19,
"Cheese, kareesh low fat",0,76.5,91,19,0.5,1.3,0,2.7,145,115,388,174,28,0.33,2,0.04,0,0,0.02,0.24,
"Cheese, kareesh (Mish)",0,72.8,93,14,3,7.8,0,2.4,4500,118,360,276,32,0.5,1.44,0.05,0,0,0.1,0.32,
"Cheese, mozzarella ",0,52.3,265,27,16.5,2,0,2.2,555,35,724,,,0.4,2.6,,,,,,
"Cheese, parmesan",0,29.5,399,35,27.5,5.1,0,2.9,982,144,1016,715,,0.4,3.54,0.05,356,0,0.04,0.52,
"Cheese, processed",0,46.9,324,19,25,3.4,0,5.7,1160,93,710,542,30,0.5,2.4,0.09,205,0,0.03,0.26,
"Cheese, speread",0,51.5,289,15.9,22.9,4.9,0,4.8,1027,190,420,480,25,0.3,2.1,,150,0,0.05,0.36,
"Cheese, white",0,53.4,256,16.3,19.8,7.3,0,3.2,2769,115,456,273,45,0.2,1.9,0.07,166,0,0.08,0.37,
"Cheese, white half cream",0,69.5,151,13,8.9,4,0,4.6,805,146,357,175,32,0.25,1.4,0.08,95,0,0.1,0.35,
"Cheese, Roquefort ",0,40.5,361,22.3,29,5.5,0,2.7,1390,207,415,385,36,0.8,2.34,0.09,295,0,0.05,0.4,
"Cream, whipping ",0,56.6,353,3,36.4,0.7,0,3.3,40,76,81,25,5,0.25,0.2,0.08,275,0,0.02,0.12,
fermented milk,0,87.7,62,3.8,3.2,0.8,0,4.5,51,144,122,90,10,0.05,0.31,0.05,38,T,0.23,1.03,
fermented skim milk,0,88.4,46,4.9,0.8,1,0,4.9,54,150,132,95,13,0.05,0.35,0.03,0,T,0.02,0.12,
"Milk, buffalo ",0,82.5,102,4.2,7.1,0.8,0,5.4,52,142,180,86,17,0.2,0.22,0.01,22,3,0.1,0.35,
"Milk, cow",0,87.8,64,3.3,3.7,0.8,0,4.4,54,149,123,87,17,0.05,0.3,0.02,35,0,0.04,0.19,
"Milk, human",0,87.1,70,1.2,3.9,0.3,0,7.5,17,52,32,13,30,0.15,1.3,,97,5,0.02,0.04,
"Milk, chocolate ",0,81.2,80,3.2,1.7,1,0,12.9,64,131,122,87,18,0.31,0.41,0.8,24,0,0.04,0.16,
"Milk, full cream",0,87.8,64,3.3,3.5,0.7,0,4.7,48,142,120,92,15,0.06,0.4,0.01,37,0,0.04,0.17,
"Milk, fruit",0,82,76,3.2,1.7,1.1,0,12,59,175,125,80,17,0.04,0.41,0.04,22,2,0.07,0.19,
"Milk, half cream",0,89.1,48,3.4,1.5,0.9,0,5.1,52,153,128,88,17,0.05,0.4,0.02,23,0,0.08,0.2,
"Milk, low fat skimmed ",0,89.6,41,3.5,0.6,1,0,5.3,50,143,126,95,16,0.05,0.4,0.03,0,0,0.1,0.21,
"Milk, powder, skim",0,5,362,37,1.5,6.5,0,50,462,1201,1045,803,95,0.45,4.3,,0,5,0.45,2.1,
"Milk, powder whole",0,2.7,497,26.7,26.2,5.7,0,38.7,350,1450,930,850,105,0.4,3.53,0.2,353,10,0.4,1.4,
Yoghurt ,0,87,64,3.4,3.2,0.9,0,5.5,62,180,168,101,16,0.2,0.2,0.02,30,T,0.06,0.18,
"Yoghurt, low fat",0,87.5,50,4,0.9,1.2,0,6.4,60,185,170,105,14,0.2,0.22,0.01,0,T,0.07,0.19,
"Yoghurt, fruits",0,82.5,68,3,1.2,1.2,0.9,11.2,85,199,162,140,15,0.25,0.7,0.07,9,3,0.08,0.23,
"Beer, nonalcoholic ",0,95.8,16,0.2,,0.2,,3.8,8,25,2,19,,0.03,,,0,0,,,
"Crabonated, barely drinks",0,89.4,42,,,0.1,,10.5,2,25,12,10,,0.03,,,0,0,,,
"Crabonated, soft drinks",0,89.2,42,,,0.2,,10.6,7,2,3,15,,,,,0,0,,,
"Crabonated, soft drinks diet",0,99.7,1,,,0.1,,0.2,4,3,,,,,,,0,0,,,
"Crabonated, tonic water",0,89.7,40,,,0.3,,10,8,,,,,,,,0,0,,,
"Drink, chocolate instant",0,2,412,6.2,6,1.5,0.9,83.4,280,408,29,,,2.4,1.8,1.1,T,0,0.06,0.04,
"Drink, coffee instant powder",0,2.5,360,20.5,0.5,8.2,,68.3,110,1205,,,,3.29,0.5,0.05,T,0,,,
"Drink, fruit instant powder",0,0.3,392,1.1,,1.7,,96.9,183,,,,,,,,0,100,,,
"Drink, tea instant powder",0,0.5,396,1,,0.6,,97.9,44,,,,,,,,0,0,,,
"Juice, apples",0,87.7,48,0.1,0,0.2,0,12,3,105,8,10,6,0.4,0.03,0.4,16,4,0.02,0.03,
"Juice, apples, sweetened",0,85.8,56,0,0,0.2,0,14,5,100,7,10,6,0.3,0.03,0.4,,2,0.02,0.02,
"Juice, grapes, sweetened ",0,83,66,0.3,0,0.5,0,16.2,5,130,15,14,9,0.4,0.03,0.03,5,3,0.03,0.03,
"Juice, grapefruit",0,89.9,39,0.5,0,0.3,0.1,9.2,3,155,7,16,13,0.3,0.4,0.02,,30,0.04,0.03,
"Juice, orange",0,88.4,46,0.6,0.2,0.3,0.1,10.4,4,220,10,19,10,0.4,0.3,0.04,3,35,0.08,0.04,
"Juice, orange, sweetened ",0,85.7,56,0.1,0,0.2,0,14,3,170,10,45,11,0.3,0.4,0.05,0,20,0.08,0.04,
"Juice, peach",0,87.3,47,0.5,0.2,0.6,0.5,10.9,3,200,7,20,8,0.4,0.01,0.02,18,5,0.02,0.3,
"Juice, pomegranate ",0,84.2,62,1,0,0.4,0,14.4,5,280,5,30,8,0.26,0.14,0.2,,8,0.04,0.02,
"Juice, sugarcane ",0,88.5,45,0,0,0.2,0,11.3,,,,,,0.15,,,0,2,,,
"Juice, tomato",0,93,24,0.2,0,0.9,0.1,5.8,250,203,9,20,13,0.5,0.2,,42,30,0.04,0.01,
"Nectar, apricot",0,84.8,59,0.5,0.1,0.4,0.2,14,4,105,12,18,10,0.4,0.05,0.05,257,5,0.04,0.03,
"Nectar, fruit cocktail ",0,84.4,61,0.1,0.1,0.4,0,15,8,180,12,15,4,0.39,0.06,0.1,94,12,0.06,0.02,
"Nectar, guava",0,84.5,60,0.1,0,0.4,0.1,14.9,7,75,8,13,5,0.3,0.07,0.04,,60,,,
"Nectar, mango",0,84.1,62,0.2,0.1,0.4,0.1,15.1,9,83,5,3,1,0.21,0.04,0.06,89,15,0.01,0.01,
Cardamom,0,12.6,288,12,4.3,6.4,143,50.4,3,30,124,97,54,6,3.8,1.4,,,2.5,1.13,
Cinnamon,0,7.8,263,4,2,4.8,241,57.3,15,380,500,42,50,14.2,2.4,0.32,,,0.08,0.35,
Clove,0,8,348,6.5,8.3,7,8.5,61.7,300,1200,690,80,250,5.4,3.5,0.4,,,0.14,0.26,
Coriander,0,10.6,284,13.6,15.7,4.6,33.5,22,35,1020,380,408,85,18.2,8.7,1.2,,,0.18,0.27,
Cumin,0,20.4,327,18,13.3,7.5,7,33.8,145,2150,1025,480,410,37,5,1.1,,,,,
Ginger,0,9.7,338,9,3.4,7,3,67.9,30,1200,120,240,165,10.7,5.1,0.4,,,0.11,0.2,
Nutmeg,0,9.8,511,7.5,34.7,2.8,3,42.2,17,400,210,185,172,2.1,1.7,1.1,,,,,
"Pepper, black",0,10.5,343,14.7,4.6,4.5,5.1,60.6,20,1400,360,185,155,12.5,1.4,1.2,,,0.05,0.02,
"Pepper, red",0,11.8,291,15.6,7.7,7,18.1,39.8,215,1150,140,230,145,8.7,3.4,0.5,,,0.2,0.81,
Thyme,0,11.6,287,12.2,2.9,8.4,11.8,53.1,75,1000,210,180,295,41,5.8,0.7,,,1.8,0.9,
Backing powder,0,2.1,144,0.9,,62,,35,10953,170,,5404,,,,,,,,,
Chicken stock,0,2,305,7.5,25,53,0,12.5,6073,1113,3237,,,4.2,1.56,,,0,,,
Coca powder,0,4.5,438,17,18.9,5,4.6,50,953,1420,130,650,,8.5,6.6,,,T,,,
Dom powder,0,4.9,312,3.6,1.4,6.3,12.5,71.3,119,,,,,6.98,,,,,,,
Gelatin ,0,12.4,345,86,0.1,1.5,,,,,,,,,,,,,,,
Kishk,0,3.4,380,21.6,7.2,6.1,4.5,57.2,,,,,,,,,,,,,
Mayonnaise ,0,14.7,722,1.3,77.4,1.5,0,5.1,650,45,20,52,,0.5,0.4,,80,T,0.05,0.1,
Oil (vegetable) ,0,0.1,899,,99.9,,,,,,,,,,,,,,,,
Salad dressing ,0,41,370,2.9,29.1,2.3,0,21.2,520,18,27,,18,9.25,,,,,,,
"Salt, table/cooking",0,5,,,,,,,38900,,29,,,,,,,,,,
"Salt, sodium reduced",0,5,,,,,,,18000,15500,,,,,,,,,,,
Tamarind ,50,22.5,292,3.1,0.4,2.1,3,68.9,,,5,,,1,,,1,,,,
"Yeast, compressed ",0,77,105,13,0.5,2.4,0,12.1,15,624,10,387,50,4.8,2.7,1.79,1,,,,
"Yeast, dried",0,4.5,357,37,1.5,8.2,0,48.8,85,1709,65,1595,200,16.3,8.2,3.29,1,,,,
